{
  "format": "mubujson1",
  "numBuffers": 1,
  "numTracks": 1,
  "tracks": [
    {
      "name": "descr",
      "mxCols": 10,
      "mxRows": 1,
      "hasVarRows": false,
      "mxColNames": [
        "Duration",
        "FrequencyMean",
        "EnergyMean",
        "PeriodicityMean",
        "AC1Mean",
        "LoudnessMean",
        "CentroidMean",
        "SpreadMean",
        "SkewnessMean",
        "KurtosisMean"
      ],
      "hasTimeTags": true,
      "nonNumType": "none",
      "maxSize": 10431,
      "buffers": [
        {
          "maxSize": 10431,
          "size": 38,
          "sampleRate": 86.1328125,
          "sampleOffset": 0.0,
          "mxRows": 1,
          "mxCols": 10,
          "mxData": [
            11.39002227783203125,
            0.0,
            0.0,
            0.0,
            0.0,
            0.0,
            0.0,
            0.0,
            0.0,
            0.0,
            58.0,
            4726.52099609375,
            0.00052031176164746284,
            0.27505254745483398438,
            -0.32202711701393127441,
            -54.513690948486328125,
            4737.888671875,
            1031656.3125,
            6.99354267120361328125,
            80.57796478271484375,
            1777.0,
            4909.228515625,
            0.00407232437282800674,
            0.33981078863143920898,
            -0.46280372142791748047,
            -36.74680328369140625,
            4851.55517578125,
            1037329.0625,
            7.59489488601684570312,
            90.6011505126953125,
            10007.0,
            1670.552734375,
            0.09074349701404571533,
            0.27446541190147399902,
            0.89711868762969970703,
            -25.432262420654296875,
            4471.33349609375,
            4184987.25,
            1.55735313892364501953,
            16.103702545166015625,
            732.0,
            5416.20361328125,
            0.00776452291756868362,
            0.35933351516723632812,
            0.64870476722717285156,
            -36.414905548095703125,
            5269.17041015625,
            1449596.0,
            5.64339733123779296875,
            57.90712738037109375,
            1648.0,
            5243.96533203125,
            0.00632824888452887535,
            0.3348668217658996582,
            0.3601131737232208252,
            -36.251369476318359375,
            5228.888671875,
            1573521.375,
            5.95721387863159179688,
            64.80634307861328125,
            105.0,
            4257.90185546875,
            0.00678394967690110207,
            0.133546486496925354,
            0.14918375015258789062,
            -34.817996978759765625,
            5233.923828125,
            3163419.5,
            2.80432200431823730469,
            22.43233489990234375,
            1637.0,
            5138.52490234375,
            0.00582190370187163353,
            0.3217589259147644043,
            -0.04047776758670806885,
            -35.44396209716796875,
            5074.6689453125,
            1546173.0,
            5.791065216064453125,
            62.246501922607421875,
            4017.0,
            1272.298828125,
            0.10734338313341140747,
            0.21834768354892730713,
            0.73559242486953735352,
            -23.24652099609375,
            4200.501953125,
            5233313.5,
            1.55543041229248046875,
            11.84024715423583984375,
            8011.0,
            1926.8079833984375,
            0.08127237856388092041,
            0.22477491199970245361,
            0.82056277990341186523,
            -25.39850616455078125,
            4611.07470703125,
            3414304.0,
            1.66779661178588867188,
            18.9823627471923828125,
            6130.0,
            1810.1114501953125,
            0.08436863869428634644,
            0.21478441357612609863,
            0.71985703706741333008,
            -24.8706207275390625,
            4461.49951171875,
            3602346.5,
            1.93411159515380859375,
            21.608753204345703125,
            3088.0,
            534.05255126953125,
            0.08006078004837036133,
            0.37442538142204284668,
            0.80540269613265991211,
            -21.6927776336669921875,
            4027.607666015625,
            3433865.0,
            1.14397382736206054688,
            12.76349925994873046875,
            221.0,
            2559.625732421875,
            0.03533365949988365173,
            0.19797372817993164062,
            0.7483952641487121582,
            -26.9416675567626953125,
            4404.931640625,
            1978120.25,
            1.57081294059753417969,
            24.77004241943359375,
            1509.0,
            4539.21923828125,
            0.01189209241420030594,
            0.30973365902900695801,
            0.19764249026775360107,
            -33.92935943603515625,
            5285.4052734375,
            1950139.0,
            3.94567346572875976562,
            40.34626007080078125,
            5213.0,
            439.726806640625,
            0.07815596461296081543,
            0.07913473248481750488,
            0.90310204029083251953,
            -23.36237335205078125,
            4938.86376953125,
            5579381.5,
            0.69437766075134277344,
            7.20216989517211914062,
            9497.0,
            694.2484130859375,
            0.08532306551933288574,
            0.20436304807662963867,
            0.82982295751571655273,
            -21.8158512115478515625,
            4180.69775390625,
            4075637.25,
            1.0786285400390625,
            10.7889308929443359375,
            6815.0,
            1540.9771728515625,
            0.0633471757173538208,
            0.10676878690719604492,
            0.81176435947418212891,
            -24.836277008056640625,
            4704.7080078125,
            3691431.25,
            1.41051542758941650391,
            15.16405010223388671875,
            8324.0,
            2485.655029296875,
            0.05301260203123092651,
            0.20072861015796661377,
            0.64962714910507202148,
            -27.864482879638671875,
            4926.94287109375,
            3348388.25,
            2.31637430191040039062,
            22.6184444427490234375,
            4064.0,
            4564.1865234375,
            0.00398919684812426567,
            0.29123747348785400391,
            -0.27123498916625976562,
            -36.330249786376953125,
            5646.60498046875,
            1763810.75,
            6.57211351394653320312,
            80.89638519287109375,
            1219.0,
            4290.11767578125,
            0.00335729797370731831,
            0.23493786156177520752,
            0.1343326866626739502,
            -37.492397308349609375,
            7064.71826171875,
            3281650.5,
            3.07290101051330566406,
            22.315013885498046875,
            3262.0,
            1042.4954833984375,
            0.0511183813214302063,
            0.05679401382803916931,
            0.78773421049118041992,
            -24.2848758697509765625,
            5554.4736328125,
            5210705.0,
            0.92204612493515014648,
            9.195404052734375,
            244.0,
            509.606597900390625,
            0.04582913964986801147,
            0.12628988921642303467,
            0.89587014913558959961,
            -25.895854949951171875,
            6072.35205078125,
            7225431.0,
            0.28294301033020019531,
            5.24847841262817382812,
            3332.0,
            518.16925048828125,
            0.05811769887804985046,
            0.13468749821186065674,
            0.86765134334564208984,
