{
  "format": "mubujson1",
  "numBuffers": 1,
  "numTracks": 1,
  "tracks": [
    {
      "name": "descr",
      "mxCols": 10,
      "mxRows": 1,
      "hasVarRows": false,
      "mxColNames": [
        "Duration",
        "FrequencyMean",
        "EnergyMean",
        "PeriodicityMean",
        "AC1Mean",
        "LoudnessMean",
        "CentroidMean",
        "SpreadMean",
        "SkewnessMean",
        "KurtosisMean"
      ],
      "hasTimeTags": true,
      "nonNumType": "none",
      "maxSize": 3011,
      "buffers": [
        {
          "maxSize": 3011,
          "size": 29,
          "sampleRate": 86.1328125,
          "sampleOffset": 0.0,
          "mxRows": 1,
          "mxCols": 10,
          "mxData": [
            80.39002227783203125,
            1585.384033203125,
            0.00441552605479955673,
            0.31929406523704528809,
            0.71041524410247802734,
            -46.208404541015625,
            1689.522216796875,
            326333.625,
            7.0729522705078125,
            108.3241424560546875,
            58.0,
            1590.9339599609375,
            0.03483782336115837097,
            0.26717385649681091309,
            0.66059678792953491211,
            -27.75299072265625,
            2008.555908203125,
            1180036.125,
            3.59612584114074707031,
            29.9586620330810546875,
            302.0,
            1210.6434326171875,
            0.20484681427478790283,
            0.31530198454856872559,
            0.74699687957763671875,
            -15.0876979827880859375,
            1795.6983642578125,
            1067634.125,
            4.12927293777465820312,
            39.41956329345703125,
            778.0,
            1840.037109375,
            0.13380411267280578613,
            0.25069540739059448242,
            0.65955108404159545898,
            -23.707576751708984375,
            2237.134765625,
            1015994.25,
            3.97518873214721679688,
            45.40566253662109375,
            894.0,
            1592.2327880859375,
            0.00585432350635528564,
            0.40324926376342773438,
            0.73217785358428955078,
            -45.5237884521484375,
            1717.18994140625,
            374847.0,
            7.38141727447509765625,
            116.94073486328125,
            128.0,
            1325.2734375,
            0.08249636739492416382,
            0.0949223935604095459,
            0.8227475285530090332,
            -27.75441741943359375,
            1554.322509765625,
            670019.8125,
            3.27325320243835449219,
            31.7763767242431640625,
            383.0,
            599.0150146484375,
            0.28330463171005249023,
            0.26577919721603393555,
            0.88841164112091064453,
            -15.5322399139404296875,
            1545.8719482421875,
            931111.0,
            2.81862306594848632812,
            25.18709564208984375,
            128.0,
            1557.544921875,
            0.14310279488563537598,
            0.37332513928413391113,
            0.66943800449371337891,
            -16.2362003326416015625,
            1995.8572998046875,
            883819.9375,
            6.22154092788696289062,
            106.39752197265625,
            569.0,
            1327.5726318359375,
            0.22404676675796508789,
            0.23426833748817443848,
            0.72401535511016845703,
            -14.6686248779296875,
            1863.867919921875,
            1057110.5,
            3.5136508941650390625,
            38.41129302978515625,
            627.0,
            999.58074951171875,
            0.21616417169570922852,
            0.21169126033782958984,
            0.83504480123519897461,
            -17.942874908447265625,
            1578.0797119140625,
            784233.5625,
            3.54522562026977539062,
            35.99466705322265625,
            185.0,
            1580.21240234375,
            0.01916608400642871857,
            0.3879757225513458252,
            0.66856241226196289062,
            -36.16756439208984375,
            2023.083740234375,
            1120590.875,
            3.57812762260437011719,
            32.70961761474609375,
            499.0,
            1564.0484619140625,
            0.01013514120131731033,
            0.42248123884201049805,
            0.65811407566070556641,
            -39.4227142333984375,
            1891.1669921875,
            536891.0,
            3.8525543212890625,
            43.758907318115234375,
            233.0,
            1163.9498291015625,
            0.19209407269954681396,
            0.18845365941524505615,
            0.81197214126586914062,
            -17.1459255218505859375,
            2112.573974609375,
            1187420.875,
            2.52643656730651855469,
            24.4480800628662109375,
            302.0,
            1155.0130615234375,
            0.11064551025629043579,
            0.08582530170679092407,
            0.79345506429672241211,
            -22.627529144287109375,
            2103.47509765625,
            1111414.75,
            2.20192670822143554688,
            25.3855228424072265625,
            185.0,
            1645.3104248046875,
            0.06758536398410797119,
            0.42597246170043945312,
            0.63305699825286865234,
            -27.8866863250732421875,
            1793.423828125,
            297898.3125,
            7.82500314712524414062,
            158.14727783203125,
            209.0,
            1529.2066650390625,
            0.00719138234853744507,
            0.28749126195907592773,
            0.69769710302352905273,
            -42.60762786865234375,
            1910.2720947265625,
            559861.375,
            3.68086957931518554688,
            42.9232635498046875,
            105.0,
            1562.3311767578125,
            0.00830905884504318237,
            0.38901358842849731445,
            0.70121443271636962891,
            -42.083221435546875,
            1900.0406494140625,
            517364.28125,
            4.22665071487426757812,
            48.078830718994140625,
            336.0,
            1546.1944580078125,
            0.00735854171216487885,
            0.29987403750419616699,
            0.66710990667343139648,
            -43.09545135498046875,
            1994.953369140625,
            718912.0625,
            3.74539399147033691406,
            41.434902191162109375,
            476.0,
            1634.6875,
            0.01149370335042476654,
            0.26089024543762207031,
            0.61541849374771118164,
            -38.197864532470703125,
            2008.7894287109375,
            575667.125,
            3.39374995231628417969,
            39.428165435791015625,
            117.0,
            1091.9959716796875,
            0.16287471354007720947,
            0.18266113102436065674,
            0.79936045408248901367,
            -18.4106845855712890625,
            1966.833984375,
            1128252.625,
            2.96521019935607910156,
            31.010105133056640625,
            174.0,
            1988.579345703125,
            0.11744742840528488159,
            0.23540250957012176514,
            0.54500883817672729492,
            -19.9271144866943359375,
            2927.22998046875,
            1353185.625,
            1.71188747882843017578,
            22.223934173583984375,
            220.0,
            688.0052490234375,
            0.26321050524711608887,
            0.23712043464183807373,
            0.85910499095916748047,
            -15.22152042388916015625,
            2052.85498046875,
            1414534.875,
            2.23368668556213378906,
            18.425777435302734375,
