{
  "format": "mubujson1",
  "numBuffers": 1,
  "numTracks": 1,
  "tracks": [
    {
      "name": "descr",
      "mxCols": 10,
      "mxRows": 1,
      "hasVarRows": false,
      "mxColNames": [
        "Duration",
        "FrequencyMean",
        "EnergyMean",
        "PeriodicityMean",
        "AC1Mean",
        "LoudnessMean",
        "CentroidMean",
        "SpreadMean",
        "SkewnessMean",
        "KurtosisMean"
      ],
      "hasTimeTags": true,
      "nonNumType": "none",
      "maxSize": 3011,
      "buffers": [
        {
          "maxSize": 3011,
          "size": 17,
          "sampleRate": 86.1328125,
          "sampleOffset": 0.0,
          "mxRows": 1,
          "mxCols": 10,
          "mxData": [
            336.3900146484375,
            1842.1617431640625,
            0.1141130104660987854,
            0.07369609177112579346,
            0.61763584613800048828,
            -12.75115108489990234375,
            6750.75732421875,
            7245146.0,
            0.47809210419654846191,
            4.19154500961303710938,
            151.0,
            1978.9124755859375,
            0.06937504559755325317,
            0.03440995514392852783,
            0.65567189455032348633,
            -17.9736270904541015625,
            6327.5673828125,
            7130652.0,
            0.69413781166076660156,
            4.16738653182983398438,
            162.0,
            1351.9227294921875,
            0.10262513905763626099,
            0.06997610628604888916,
            0.77157670259475708008,
            -17.515766143798828125,
            6081.46923828125,
            8461761.0,
            0.50525444746017456055,
            3.56452798843383789062,
            221.0,
            1380.5889892578125,
            0.13841140270233154297,
            0.11419600248336791992,
            0.80300086736679077148,
            -16.1974925994873046875,
            5306.2373046875,
            8055265.5,
            0.73954588174819946289,
            3.9647731781005859375,
            360.0,
            1276.0601806640625,
            0.11316078901290893555,
            0.03050721623003482819,
            0.63946682214736938477,
            -12.48111438751220703125,
            6628.13525390625,
            6595239.0,
            0.64922088384628295898,
            4.83976078033447265625,
            162.0,
            1944.9833984375,
            0.07900577038526535034,
            0.05109556764364242554,
            0.64420640468597412109,
            -17.40233612060546875,
            6468.60888671875,
            7391916.5,
            0.56998956203460693359,
            3.9605884552001953125,
            163.0,
            1000.1512451171875,
            0.08218442648649215698,
            0.07773994654417037964,
            0.82529681921005249023,
            -21.086383819580078125,
            5941.99462890625,
            8718020.0,
            0.46776112914085388184,
            3.73638629913330078125,
            232.0,
            1551.7537841796875,
            0.12571190297603607178,
            0.05029918625950813293,
            0.74321168661117553711,
            -15.27574062347412109375,
            5255.91943359375,
            7414789.5,
            0.87733107805252075195,
            4.5124874114990234375,
            360.0,
            1506.608642578125,
            0.13789135217666625977,
            0.06266592442989349365,
            0.69415754079818725586,
            -11.578929901123046875,
            6609.55078125,
            6787911.0,
            0.60194700956344604492,
            4.51311779022216796875,
            162.0,
            1676.50244140625,
            0.08355874568223953247,
            0.0372938401997089386,
            0.72927367687225341797,
            -16.8987979888916015625,
            6514.38330078125,
            7509290.0,
            0.56993365287780761719,
            4.03898382186889648438,
            93.0,
            1618.4078369140625,
            0.10198065638542175293,
            0.09859018027782440186,
            0.7592245936393737793,
            -14.335605621337890625,
            6956.47412109375,
            8031530.5,
            0.24085406959056854248,
            3.58895635604858398438,
            70.0,
            574.185302734375,
            0.12876966595649719238,
            0.13597020506858825684,
            0.84873223304748535156,
            -18.512973785400390625,
            6366.5859375,
            8587688.0,
            0.27701294422149658203,
            3.60788965225219726562,
            244.0,
            1050.6815185546875,
            0.14223377406597137451,
            0.06650497019290924072,
            0.81722205877304077148,
            -16.0376567840576171875,
            5322.5771484375,
            7552256.0,
            0.79890435934066772461,
            4.38627004623413085938,
            360.0,
            1690.705078125,
            0.11695710569620132446,
            0.06610262393951416016,
            0.66209363937377929688,
            -12.4339313507080078125,
            6899.841796875,
            7043833.5,
            0.45610842108726501465,
            4.12852191925048828125,
            186.0,
            1088.5006103515625,
            0.09770763665437698364,
            0.13767316937446594238,
            0.80488646030426025391,
            -18.4237518310546875,
            6462.841796875,
            7999491.5,
            0.4807402491569519043,
            3.62938857078552246094,
            162.0,
            346.16143798828125,
            0.12311309576034545898,
            0.08250641822814941406,
            0.93212962150573730469,
            -20.215511322021484375,
            6139.6181640625,
            9799666.0,
            0.26885554194450378418,
            3.24391627311706542969,
            220.0,
            1488.460205078125,
            0.11214024573564529419,
            0.06901636719703674316,
            0.78118854761123657227,
            -17.15772247314453125,
            5046.7109375,
            7872360.5,
            0.95379203557968139648,
            4.34327983856201171875
          ],
          "timeTags": [
            0.0,
            336.3900226757369864572,
            487.3900226757369864572,
            649.3900226757369864572,
            870.3900226757369864572,
            1230.39002267573687277036,
            1392.39002267573687277036,
            1555.39002267573687277036,
            1787.39002267573687277036,
            2147.39002267573687277036,
            2309.39002267573687277036,
            2402.39002267573687277036,
            2472.39002267573687277036,
            2716.39002267573687277036,
            3076.39002267573687277036,
            3262.39002267573687277036,
            3424.39002267573687277036
          ]
        }
      ]
    }
  ]
}