{
  "format": "mubujson1",
  "numBuffers": 1,
  "numTracks": 1,
  "tracks": [
    {
      "name": "descr",
      "mxCols": 10,
      "mxRows": 1,
      "hasVarRows": false,
      "mxColNames": [
        "Duration",
        "FrequencyMean",
        "EnergyMean",
        "PeriodicityMean",
        "AC1Mean",
        "LoudnessMean",
        "CentroidMean",
        "SpreadMean",
        "SkewnessMean",
        "KurtosisMean"
      ],
      "hasTimeTags": true,
      "nonNumType": "none",
      "maxSize": 3011,
      "buffers": [
        {
          "maxSize": 3011,
          "size": 15,
          "sampleRate": 86.1328125,
          "sampleOffset": 0.0,
          "mxRows": 1,
          "mxCols": 10,
          "mxData": [
            231.3900299072265625,
            103.7502288818359375,
            0.08914242684841156006,
            0.14404699206352233887,
            0.98688113689422607422,
            -34.1781158447265625,
            5605.7939453125,
            9108843.0,
            0.46443116664886474609,
            3.59781050682067871094,
            128.0,
            1140.519775390625,
            0.02797897718846797943,
            0.19704383611679077148,
            0.98009771108627319336,
            -39.50677490234375,
            5568.01953125,
            8625901.0,
            0.69430208206176757812,
            3.99466538429260253906,
            244.0,
            1762.1007080078125,
            0.02596232481300830841,
            0.06256891787052154541,
            0.8866412043571472168,
            -35.880096435546875,
            6827.27099609375,
            7172731.5,
            0.60571813583374023438,
            4.365184783935546875,
            116.0,
            1492.531494140625,
            0.01796363107860088348,
            0.10060966014862060547,
            0.96918833255767822266,
            -41.460865020751953125,
            6657.46630859375,
            7549892.0,
            0.49250006675720214844,
            4.1171360015869140625,
            267.0,
            1943.609375,
            0.1001929938793182373,
            0.03547352179884910583,
            0.89749205112457275391,
            -26.296909332275390625,
            3793.033935546875,
            6083905.5,
            1.79723429679870605469,
            9.0108795166015625,
            128.0,
            810.3516845703125,
            0.05153022706508636475,
            0.10638758540153503418,
            0.97124403715133666992,
            -34.51839447021484375,
            3727.1943359375,
            5799360.0,
            1.86188340187072753906,
            11.49060916900634765625,
            220.0,
            1362.965576171875,
            0.05359770730137825012,
            0.07614336907863616943,
            0.95072895288467407227,
            -31.0792522430419921875,
            5860.45751953125,
            7178674.5,
            0.80285215377807617188,
            4.55946636199951171875,
            151.0,
            2717.989990234375,
            0.03364558517932891846,
            0.03489746153354644775,
            0.91019368171691894531,
            -29.45839691162109375,
            7213.080078125,
            6641223.5,
            0.60470247268676757812,
            4.19248056411743164062,
            232.0,
            2258.061279296875,
            0.02224848046898841858,
            0.04040919244289398193,
            0.89881557226181030273,
            -34.41570281982421875,
            6844.89306640625,
            6956404.0,
            0.64051765203475952148,
            4.21907472610473632812,
            128.0,
            1639.7467041015625,
            0.02324721775949001312,
            0.04333703592419624329,
            0.95760649442672729492,
            -41.636974334716796875,
            6425.80859375,
            7394184.0,
            0.70038270950317382812,
            4.24993276596069335938,
            256.0,
            87.23551177978515625,
            0.09838787466287612915,
            0.13704328238964080811,
            0.99769222736358642578,
            -34.310985565185546875,
            5576.7041015625,
            9514756.0,
            0.38800230622291564941,
            3.88645911216735839844,
            116.0,
            776.04949951171875,
            0.03035323694348335266,
            0.14224235713481903076,
            0.9886830449104309082,
            -39.556247711181640625,
            5836.595703125,
            9122601.0,
            0.46041962504386901855,
            3.71892666816711425781,
            394.0,
            1222.5809326171875,
            0.09145722538232803345,
            0.0779285430908203125,
            0.8515345454216003418,
            -25.3922901153564453125,
            3700.38232421875,
            5300455.0,
            1.58429586887359619141,
            8.42336368560791015625,
            209.0,
            739.32794189453125,
            0.03231240063905715942,
            0.15758392214775085449,
            0.85939788818359375,
            -30.1734218597412109375,
            5305.92333984375,
            6722604.5,
            0.98445206880569458008,
            5.2709178924560546875,
            140.0,
            2952.753662109375,
            0.02111214958131313324,
            0.05645719915628433228,
            0.68362480401992797852,
            -24.713108062744140625,
            7604.0859375,
            5984496.0,
            0.64668267965316772461,
            4.46269893646240234375
          ],
          "timeTags": [
            0.0,
            231.39002267573695803549,
            359.3900226757369864572,
            603.3900226757369864572,
            719.3900226757369864572,
            986.3900226757369864572,
            1114.39002267573687277036,
            1334.39002267573687277036,
            1485.39002267573687277036,
            1717.39002267573687277036,
            1845.39002267573687277036,
            2101.39002267573687277036,
            2217.39002267573687277036,
            2611.39002267573687277036,
            2820.39002267573687277036
          ]
        }
      ]
    }
  ]
}