{
  "format": "mubujson1",
  "numBuffers": 1,
  "numTracks": 1,
  "tracks": [
    {
      "name": "descr",
      "mxCols": 10,
      "mxRows": 1,
      "hasVarRows": false,
      "mxColNames": [
        "Duration",
        "FrequencyMean",
        "EnergyMean",
        "PeriodicityMean",
        "AC1Mean",
        "LoudnessMean",
        "CentroidMean",
        "SpreadMean",
        "SkewnessMean",
        "KurtosisMean"
      ],
      "hasTimeTags": true,
      "nonNumType": "none",
      "maxSize": 3011,
      "buffers": [
        {
          "maxSize": 3011,
          "size": 4,
          "sampleRate": 86.1328125,
          "sampleOffset": 0.0,
          "mxRows": 1,
          "mxCols": 10,
          "mxData": [
            1381.3900146484375,
            3065.003662109375,
            0.05217251181602478027,
            0.57184863090515136719,
            -0.06898753345012664795,
            -29.2684421539306640625,
            3317.001220703125,
            1118854.625,
            33.6889495849609375,
            2005.34423828125,
            2182.0,
            2643.287109375,
            0.02846774272620677948,
            0.53770315647125244141,
            0.19194275140762329102,
            -40.03334808349609375,
            5038.01220703125,
            4270933.5,
            13.4259033203125,
            473.395050048828125,
            2787.0,
            1175.2091064453125,
            0.00630062120035290718,
            0.24702948331832885742,
            0.63395905494689941406,
            -52.017833709716796875,
            6288.97900390625,
            7650395.5,
            3.72130084037780761719,
            87.54196929931640625,
            1495.0,
            1822.9722900390625,
            0.00778072327375411987,
            0.15837593376636505127,
            0.41938450932502746582,
            -48.26230621337890625,
            6005.04736328125,
            6487957.0,
            4.91188097000122070312,
            105.87872314453125
          ],
          "timeTags": [
            0.0,
            1381.39002267573687277036,
            3563.39002267573687277036,
            6350.39002267573687277036
          ]
        }
      ]
    }
  ]
}