{
  "format": "mubujson1",
  "numBuffers": 1,
  "numTracks": 1,
  "tracks": [
    {
      "name": "descr",
      "mxCols": 10,
      "mxRows": 1,
      "hasVarRows": false,
      "mxColNames": [
        "Duration",
        "FrequencyMean",
        "EnergyMean",
        "PeriodicityMean",
        "AC1Mean",
        "LoudnessMean",
        "CentroidMean",
        "SpreadMean",
        "SkewnessMean",
        "KurtosisMean"
      ],
      "hasTimeTags": true,
      "nonNumType": "none",
      "maxSize": 3011,
      "buffers": [
        {
          "maxSize": 3011,
          "size": 5,
          "sampleRate": 86.1328125,
          "sampleOffset": 0.0,
          "mxRows": 1,
          "mxCols": 10,
          "mxData": [
            231.3900299072265625,
            2003.9945068359375,
            0.09406270831823348999,
            0.24879936873912811279,
            0.34148177504539489746,
            -12.7193470001220703125,
            5399.86376953125,
            7507918.5,
            0.97124189138412475586,
            4.75048971176147460938,
            82.0,
            2898.718017578125,
            0.1001334264874458313,
            0.25812301039695739746,
            -0.00908909738063812256,
            -13.37913799285888671875,
            4970.44921875,
            5761957.0,
            1.81025409698486328125,
            10.8426723480224609375,
            81.0,
            3192.803466796875,
            0.06268961727619171143,
            0.29933768510818481445,
            -0.10182467103004455566,
            -19.947021484375,
            4429.42724609375,
            2981558.5,
            3.07497262954711914062,
            20.96062469482421875,
            70.0,
            2169.341552734375,
            0.04002171382308006287,
            0.05842026323080062866,
            0.19378226995468139648,
            -17.81952667236328125,
            5725.0830078125,
            6895532.0,
            1.00618672370910644531,
            4.8365421295166015625,
            561.0,
            2079.771728515625,
            0.15420739352703094482,
            0.27979305386543273926,
            0.35850507020950317383,
            -10.998622894287109375,
            4129.2861328125,
            6143443.0,
            1.71607732772827148438,
            8.06765079498291015625
          ],
          "timeTags": [
            0.0,
            231.39002267573695803549,
            313.3900226757369864572,
            394.3900226757369864572,
            464.3900226757369864572
          ]
        }
      ]
    }
  ]
}