{
  "format": "mubujson1",
  "numBuffers": 1,
  "numTracks": 1,
  "tracks": [
    {
      "name": "descr",
      "mxCols": 10,
      "mxRows": 1,
      "hasVarRows": false,
      "mxColNames": [
        "Duration",
        "FrequencyMean",
        "EnergyMean",
        "PeriodicityMean",
        "AC1Mean",
        "LoudnessMean",
        "CentroidMean",
        "SpreadMean",
        "SkewnessMean",
        "KurtosisMean"
      ],
      "hasTimeTags": true,
      "nonNumType": "none",
      "maxSize": 4654,
      "buffers": [
        {
          "maxSize": 4654,
          "size": 9,
          "sampleRate": 86.1328125,
          "sampleOffset": 0.0,
          "mxRows": 1,
          "mxCols": 10,
          "mxData": [
            5862.39013671875,
            927.82171630859375,
            0.27647820115089416504,
            0.19413127005100250244,
            0.95565354824066162109,
            -21.89011383056640625,
            2355.8349609375,
            1932256.5,
            1.84464538097381591797,
            15.5023250579833984375,
            2624.0,
            264.89874267578125,
            0.33557552099227905273,
            0.27877157926559448242,
            0.98091340065002441406,
            -25.2474822998046875,
            2276.59765625,
            2427301.0,
            1.32254099845886230469,
            9.16542911529541015625,
            2125.0,
            302.96942138671875,
            0.30790409445762634277,
            0.23868286609649658203,
            0.97438007593154907227,
            -23.093170166015625,
            2724.955810546875,
            2874035.0,
            1.26143920421600341797,
            8.77865505218505859375,
            2078.0,
            107.91815185546875,
            0.32093077898025512695,
            0.26786392927169799805,
            0.99778217077255249023,
            -29.7424488067626953125,
            989.09478759765625,
            1252262.625,
            3.04133820533752441406,
            21.4360027313232421875,
            6095.0,
            209.9774932861328125,
            0.30373844504356384277,
            0.20305861532688140869,
            0.99068903923034667969,
            -26.039134979248046875,
            1579.621337890625,
            2326833.25,
            2.04922795295715332031,
            12.0623607635498046875,
            10008.0,
            453.215667724609375,
            0.33660870790481567383,
            0.24692471325397491455,
            0.98093724250793457031,
            -22.0414104461669921875,
            2280.404052734375,
            2501891.75,
            2.10544252395629882812,
            15.71579837799072265625,
            10008.0,
            524.2623291015625,
            0.26211389899253845215,
            0.14201959967613220215,
            0.97175985574722290039,
            -21.857669830322265625,
            2229.441650390625,
            2475932.25,
            2.07789206504821777344,
            13.3202495574951171875,
            10007.0,
            615.8538818359375,
            0.24113602936267852783,
            0.15945965051651000977,
            0.97354525327682495117,
            -23.0147457122802734375,
            2136.25390625,
            1789378.125,
            2.03878521919250488281,
            17.0235271453857421875,
            5214.0,
            609.5916748046875,
            0.23594903945922851562,
            0.06783922016620635986,
            0.96522104740142822266,
            -21.0272769927978515625,
            2524.00390625,
            2337303.75,
            1.76346075534820556641,
            12.45339679718017578125
          ],
          "timeTags": [
            0.0,
            5862.39002267573687277036,
            8486.39002267573778226506,
            10611.39002267573778226506,
            12689.39002267573778226506,
            18784.39002267573596327566,
            28792.39002267573596327566,
            38800.39002267573960125446,
            48807.39002267573960125446
          ]
        }
      ]
    }
  ]
}