{
  "format": "mubujson1",
  "numBuffers": 1,
  "numTracks": 1,
  "tracks": [
    {
      "name": "descr",
      "mxCols": 10,
      "mxRows": 1,
      "hasVarRows": false,
      "mxColNames": [
        "Duration",
        "FrequencyMean",
        "EnergyMean",
        "PeriodicityMean",
        "AC1Mean",
        "LoudnessMean",
        "CentroidMean",
        "SpreadMean",
        "SkewnessMean",
        "KurtosisMean"
      ],
      "hasTimeTags": true,
      "nonNumType": "none",
      "maxSize": 3011,
      "buffers": [
        {
          "maxSize": 3011,
          "size": 21,
          "sampleRate": 86.1328125,
          "sampleOffset": 0.0,
          "mxRows": 1,
          "mxCols": 10,
          "mxData": [
            1764.3900146484375,
            877.3477783203125,
            0.009294082410633564,
            0.36425027251243591309,
            0.80522733926773071289,
            -42.555980682373046875,
            2781.40283203125,
            2028781.75,
            1.05940747261047363281,
            12.19267177581787109375,
            487.0,
            1012.1590576171875,
            0.01100870687514543533,
            0.27793774008750915527,
            0.80441766977310180664,
            -41.431003570556640625,
            2419.57666015625,
            1573171.125,
            1.75621294975280761719,
            17.6791858673095703125,
            6502.0,
            667.267822265625,
            0.11496545374393463135,
            0.33116126060485839844,
            0.9014021754264831543,
            -30.8576831817626953125,
            1555.066650390625,
            1137815.75,
            2.85499334335327148438,
            27.182689666748046875,
            58.0,
            442.049224853515625,
            0.13019894063472747803,
            0.85326367616653442383,
            0.97236412763595581055,
            -26.673709869384765625,
            635.85675048828125,
            472321.46875,
            5.98779392242431640625,
            65.99633026123046875,
            3866.0,
            859.65118408203125,
            0.0964036211371421814,
            0.54608416557312011719,
            0.8670196533203125,
            -38.3128509521484375,
            1760.6021728515625,
            1063540.875,
            2.67026829719543457031,
            31.59642791748046875,
            58.0,
            442.454681396484375,
            0.08142396062612533569,
            0.86342948675155639648,
            0.97264999151229858398,
            -31.1773281097412109375,
            538.7344970703125,
            302330.625,
            10.21675777435302734375,
            190.0593109130859375,
            372.0,
            427.76922607421875,
            0.18364885449409484863,
            0.8456287384033203125,
            0.96085238456726074219,
            -24.692474365234375,
            1048.56689453125,
            1040799.5,
            4.12069082260131835938,
            47.15790557861328125,
            232.0,
            422.029449462890625,
            0.19638292491436004639,
            0.84459984302520751953,
            0.95111364126205444336,
            -23.480457305908203125,
            1229.3397216796875,
            1381271.25,
            2.40721273422241210938,
            16.8371868133544921875,
            197.0,
            424.530548095703125,
            0.22063101828098297119,
            0.85517156124114990234,
            0.95223921537399291992,
            -21.9410457611083984375,
            1151.6849365234375,
            1168529.25,
            2.61388611793518066406,
            18.842830657958984375,
            2740.0,
            1055.4022216796875,
            0.04613500088453292847,
            0.40712848305702209473,
            0.80219489336013793945,
            -41.80785369873046875,
            2475.193603515625,
            1310893.5,
            1.1753253936767578125,
            17.676433563232421875,
            58.0,
            520.03253173828125,
            0.06193578988313674927,
            0.35001429915428161621,
            0.94905227422714233398,
            -30.7385501861572265625,
            958.23675537109375,
            641646.25,
            3.12803435325622558594,
            23.4382343292236328125,
            3750.0,
            631.99560546875,
            0.14981032907962799072,
            0.28376922011375427246,
            0.90581184625625610352,
            -22.4619693756103515625,
            1314.0135498046875,
            876912.625,
            2.61478281021118164062,
            24.036785125732421875,
            430.0,
            578.7388916015625,
            0.05548123642802238464,
            0.42370751500129699707,
            0.89753198623657226562,
            -32.501758575439453125,
            2008.9476318359375,
            1905172.375,
            1.38679873943328857422,
            10.8999195098876953125,
            58.0,
            584.46710205078125,
            0.13335783779621124268,
            0.39961582422256469727,
            0.92858791351318359375,
            -22.817615509033203125,
            1228.792724609375,
            934519.6875,
            2.38505196571350097656,
            16.3033657073974609375,
            313.0,
            636.964111328125,
            0.09246064722537994385,
            0.38638705015182495117,
            0.91319996118545532227,
            -30.4156017303466796875,
            1748.9139404296875,
            1878547.75,
            1.79291546344757080078,
            13.34391498565673828125,
            82.0,
            466.0906982421875,
            0.04040412604808807373,
            0.24533262848854064941,
            0.91076618432998657227,
            -32.86206817626953125,
            2072.4794921875,
            2275115.25,
            1.41066873073577880859,
            9.07390880584716796875,
            58.0,
            576.01824951171875,
            0.1576741337776184082,
            0.22220443189144134521,
            0.89171117544174194336,
            -19.4925556182861328125,
            1842.3232421875,
            1417875.0,
            1.34295785427093505859,
            10.59696865081787109375,
            267.0,
            602.7021484375,
            0.1118087470531463623,
            0.34444773197174072266,
            0.91965180635452270508,
            -28.47161865234375,
            1549.26123046875,
            1706546.125,
            1.9919185638427734375,
            13.82236385345458984375,
            418.0,
            565.91925048828125,
            0.0329515896737575531,
            0.45926815271377563477,
            0.89454036951065063477,
            -34.297149658203125,
            2146.218505859375,
            2020749.125,
            0.97636806964874267578,
            8.86892032623291015625,
            209.0,
            628.17193603515625,
            0.03038303740322589874,
            0.45190981030464172363,
            0.81628465652465820312,
            -33.001861572265625,
            2385.315673828125,
            1422493.125,
            0.69089877605438232422,
            14.03432369232177734375,
            1145.0,
            691.88092041015625,
            0.01262954622507095337,
            0.42835387587547302246,
            0.79206120967864990234,
            -40.8104400634765625,
            2818.130126953125,
            1787702.375,
            0.90614199638366699219,
            14.0534076690673828125
          ],