{
  "format": "mubujson1",
  "numBuffers": 1,
  "numTracks": 1,
  "tracks": [
    {
      "name": "descr",
      "mxCols": 10,
      "mxRows": 1,
      "hasVarRows": false,
      "mxColNames": [
        "Duration",
        "FrequencyMean",
        "EnergyMean",
        "PeriodicityMean",
        "AC1Mean",
        "LoudnessMean",
        "CentroidMean",
        "SpreadMean",
        "SkewnessMean",
        "KurtosisMean"
      ],
      "hasTimeTags": true,
      "nonNumType": "none",
      "maxSize": 3011,
      "buffers": [
        {
          "maxSize": 3011,
          "size": 16,
          "sampleRate": 86.1328125,
          "sampleOffset": 0.0,
          "mxRows": 1,
          "mxCols": 10,
          "mxData": [
            185.3900299072265625,
            4667.72900390625,
            0.00990817602723836899,
            0.11276843398809432983,
            0.4251772463321685791,
            -33.74149322509765625,
            6684.40966796875,
            6006920.0,
            0.95191097259521484375,
            4.87715959548950195312,
            151.0,
            906.38385009765625,
            0.00362803810276091099,
            0.08753841370344161987,
            0.81913703680038452148,
            -48.695392608642578125,
            5529.37109375,
            6296874.5,
            0.95927435159683227539,
            5.49780988693237304688,
            139.0,
            1813.0078125,
            0.0051881205290555954,
            0.08071563392877578735,
            0.74189102649688720703,
            -43.471588134765625,
            5830.9716796875,
            5970127.0,
            1.00376105308532714844,
            5.799739837646484375,
            360.0,
            246.10076904296875,
            0.11348548531532287598,
            0.48766270279884338379,
            0.96517294645309448242,
            -34.076152801513671875,
            3163.35205078125,
            7826536.0,
            1.10642993450164794922,
            5.08836507797241210938,
            360.0,
            333.816497802734375,
            0.05891898646950721741,
            0.22608932852745056152,
            0.94719427824020385742,
            -29.9532032012939453125,
            5530.33984375,
            6900783.5,
            0.73214060068130493164,
            5.26883602142333984375,
            139.0,
            1145.3258056640625,
            0.02448209188878536224,
            0.20427231490612030029,
            0.95795202255249023438,
            -37.741771697998046875,
            5505.7919921875,
            6954400.0,
            0.78352105617523193359,
            5.210399627685546875,
            163.0,
            258.03759765625,
            0.066667214035987854,
            0.29075154662132263184,
            0.87354093790054321289,
            -23.67458343505859375,
            5488.3623046875,
            6049886.0,
            0.90781229734420776367,
            6.14662456512451171875,
            197.0,
            3272.419921875,
            0.02273640409111976624,
            0.14321826398372650146,
            0.71515887975692749023,
            -28.08779144287109375,
            6877.7783203125,
            6578600.5,
            0.70607042312622070312,
            4.2563323974609375,
            139.0,
            2428.53369140625,
            0.00910305976867675781,
            0.0743343159556388855,
            0.76291835308074951172,
            -40.335483551025390625,
            5882.81982421875,
            6062547.5,
            1.03273534774780273438,
            5.71747303009033203125,
            151.0,
            1545.486083984375,
            0.01229074504226446152,
            0.10722096264362335205,
            0.79779767990112304688,
            -37.0330963134765625,
            5861.826171875,
            6314202.0,
            0.88930273056030273438,
            5.53419160842895507812,
            198.0,
            138.8610687255859375,
            0.13795158267021179199,
            0.44485303759574890137,
            0.98249489068984985352,
            -30.0739383697509765625,
            3140.8681640625,
            7465814.0,
            1.11735320091247558594,
            5.14573764801025390625,
            139.0,
            114.585693359375,
            0.08189775049686431885,
            0.52155655622482299805,
            0.99539583921432495117,
            -35.088077545166015625,
            4608.98095703125,
            9117421.0,
            0.54370546340942382812,
            4.02627801895141601562,
            174.0,
            245.0903167724609375,
            0.07438205927610397339,
            0.15682350099086761475,
            0.90242356061935424805,
            -24.578655242919921875,
            5227.400390625,
            6241945.0,
            0.9029369354248046875,
            5.8310604095458984375,
            163.0,
            138.0229339599609375,
            0.14774015545845031738,
            0.46446216106414794922,
            0.98835331201553344727,
            -29.5291919708251953125,
            2878.25341796875,
            6787734.0,
            1.17165732383728027344,
            5.3771228790283203125,
            151.0,
            126.80945587158203125,
            0.11487807333469390869,
            0.15724974870681762695,
            0.99371033906936645508,
            -33.6377105712890625,
            2660.1455078125,
            6434421.0,
            1.35393679141998291016,
            5.844310760498046875,
            839.0,
            69.32947540283203125,
            0.04995096847414970398,
            0.28471791744232177734,
            1.00101232528686523438,
            -49.34433746337890625,
            1722.2752685546875,
            5605731.0,
            2.24770236015319824219,
            9.71002483367919921875
          ],
          "timeTags": [
            0.0,
            185.39002267573695803549,
            336.3900226757369864572,
            475.3900226757369864572,
            835.3900226757369864572,
            1195.39002267573687277036,
            1334.39002267573687277036,
            1497.39002267573687277036,
            1694.39002267573687277036,
            1833.39002267573687277036,
            1984.39002267573687277036,
            2182.39002267573687277036,
            2321.39002267573687277036,
            2495.39002267573687277036,
            2658.39002267573687277036,
            2809.39002267573687277036
          ]
        }
      ]
    }
  ]
}