{
  "format": "mubujson1",
  "numBuffers": 1,
  "numTracks": 1,
  "tracks": [
    {
      "name": "descr",
      "mxCols": 10,
      "mxRows": 1,
      "hasVarRows": false,
      "mxColNames": [
        "Duration",
        "FrequencyMean",
        "EnergyMean",
        "PeriodicityMean",
        "AC1Mean",
        "LoudnessMean",
        "CentroidMean",
        "SpreadMean",
        "SkewnessMean",
        "KurtosisMean"
      ],
      "hasTimeTags": true,
      "nonNumType": "none",
      "maxSize": 3011,
      "buffers": [
        {
          "maxSize": 3011,
          "size": 15,
          "sampleRate": 86.1328125,
          "sampleOffset": 0.0,
          "mxRows": 1,
          "mxCols": 10,
          "mxData": [
            347.3900146484375,
            2067.234619140625,
            0.125241890549659729,
            0.09459278732538223267,
            0.96697509288787841797,
            -24.26862335205078125,
            5209.21533203125,
            4810901.0,
            1.33031582832336425781,
            8.57313251495361328125,
            186.0,
            2334.573974609375,
            0.03576060757040977478,
            0.06365147233009338379,
            0.88928276300430297852,
            -31.8233127593994140625,
            5924.4814453125,
            7343233.0,
            0.81353491544723510742,
            4.39922809600830078125,
            163.0,
            1278.8504638671875,
            0.01943903230130672455,
            0.08215882629156112671,
            0.91682821512222290039,
            -35.42934417724609375,
            5919.24951171875,
            8109182.0,
            0.74130672216415405273,
            4.1248188018798828125,
            220.0,
            2695.525390625,
            0.08005665987730026245,
            0.06220559030771255493,
            0.57576799392700195312,
            -21.2770023345947265625,
            4097.57568359375,
            4168321.75,
            1.91754496097564697266,
            10.4152736663818359375,
            163.0,
            2226.3173828125,
            0.05203350633382797241,
            0.03424038365483283997,
            0.64908522367477416992,
            -24.45436859130859375,
            3740.090087890625,
            3265619.25,
            2.09158802032470703125,
            12.597026824951171875,
            174.0,
            3629.593017578125,
            0.01706378534436225891,
            0.05269422009587287903,
            0.6495914459228515625,
            -31.31439208984375,
            6235.18798828125,
            6941952.0,
            0.8509566187858581543,
            4.26650905609130859375,
            58.0,
            815.26556396484375,
            0.10048576444387435913,
            0.23627567291259765625,
            0.95176738500595092773,
            -30.1546154022216796875,
            5107.22607421875,
            8887752.0,
            0.66056710481643676758,
            3.72314000129699707031,
            128.0,
            780.550537109375,
            0.06745515018701553345,
            0.20877617597579956055,
            0.98893254995346069336,
            -31.2526721954345703125,
            7028.20751953125,
            7978870.0,
            0.20979160070419311523,
            3.72710633277893066406,
            348.0,
            1169.5662841796875,
            0.06558173149824142456,
            0.21734975278377532959,
            0.97951620817184448242,
            -31.1450977325439453125,
            6914.9140625,
            7559854.5,
            0.45590445399284362793,
            4.50142908096313476562,
            209.0,
            2297.927734375,
            0.05230512097477912903,
            0.0483105294406414032,
            0.94529300928115844727,
            -30.80850982666015625,
            5700.59375,
            7681320.0,
            0.80774414539337158203,
            4.35260248184204101562,
            163.0,
            776.8148193359375,
            0.03539922460913658142,
            0.11564721167087554932,
            0.96793425083160400391,
            -35.3244781494140625,
            5616.81689453125,
            8790739.0,
            0.70852911472320556641,
            3.55687022209167480469,
            197.0,
            2707.849853515625,
            0.07878948003053665161,
            0.03313109651207923889,
            0.58178156614303588867,
            -20.9535980224609375,
            4047.9755859375,
            4474325.0,
            1.848163604736328125,
            9.09111118316650390625,
            186.0,
            2288.8388671875,
            0.0533199794590473175,
            0.02120374888181686401,
            0.68364131450653076172,
            -24.085674285888671875,
            4299.27880859375,
            5361798.5,
            1.54668271541595458984,
            7.52234983444213867188,
            185.0,
            2851.156982421875,
            0.01436732057482004166,
            0.12076523154973983765,
            0.70351904630661010742,
            -32.775585174560546875,
            6561.2333984375,
            7350074.0,
            0.62107872962951660156,
            3.838291168212890625,
            175.0,
            2556.8876953125,
            0.02236651070415973663,
            0.19947119057178497314,
            0.54218971729278564453,
            -28.0745220184326171875,
            6247.18994140625,
            7146851.5,
            0.77301436662673950195,
            4.21911287307739257812
          ],
          "timeTags": [
            0.0,
            347.3900226757369864572,
            533.3900226757369864572,
            696.3900226757369864572,
            916.3900226757369864572,
            1079.39002267573687277036,
            1253.39002267573687277036,
            1311.39002267573687277036,
            1439.39002267573687277036,
            1787.39002267573687277036,
            1996.39002267573687277036,
            2159.39002267573687277036,
            2356.39002267573687277036,
            2542.39002267573687277036,
            2727.39002267573687277036
          ]
        }
      ]
    }
  ]
}