{
  "format": "mubujson1",
  "numBuffers": 1,
  "numTracks": 1,
  "tracks": [
    {
      "name": "descr",
      "mxCols": 10,
      "mxRows": 1,
      "hasVarRows": false,
      "mxColNames": [
        "Duration",
        "FrequencyMean",
        "EnergyMean",
        "PeriodicityMean",
        "AC1Mean",
        "LoudnessMean",
        "CentroidMean",
        "SpreadMean",
        "SkewnessMean",
        "KurtosisMean"
      ],
      "hasTimeTags": true,
      "nonNumType": "none",
      "maxSize": 3210,
      "buffers": [
        {
          "maxSize": 3210,
          "size": 33,
          "sampleRate": 86.1328125,
          "sampleOffset": 0.0,
          "mxRows": 1,
          "mxCols": 10,
          "mxData": [
            1474.3900146484375,
            2179.60302734375,
            0.01368264108896255493,
            0.03979549556970596313,
            0.42913407087326049805,
            -27.2238483428955078125,
            6913.74755859375,
            6874425.5,
            0.55660587549209594727,
            4.37268686294555664062,
            127.0,
            2936.00439453125,
            0.01354371290653944016,
            0.04750924184918403625,
            0.24732726812362670898,
            -24.20153045654296875,
            7884.77783203125,
            6438498.5,
            0.26182994246482849121,
            3.96079325675964355469,
            70.0,
            4451.55029296875,
            0.01609645970165729523,
            0.0538679659366607666,
            0.23541423678398132324,
            -23.2464046478271484375,
            7350.44287109375,
            5851664.0,
            0.745342254638671875,
            4.84807729721069335938,
            104.0,
            4273.48486328125,
            0.01659208163619041443,
            0.09865992516279220581,
            0.01813044771552085876,
            -22.21411895751953125,
            7215.9443359375,
            5776290.5,
            0.89543205499649047852,
            4.94489908218383789062,
            175.0,
            3763.348388671875,
            0.01572113670408725739,
            0.0673157423734664917,
            0.10212176293134689331,
            -22.470066070556640625,
            7534.50634765625,
            6362776.0,
            0.56790983676910400391,
            3.89935851097106933594,
            209.0,
            3942.27734375,
            0.01556581072509288788,
            0.08517691493034362793,
            0.02873384952545166016,
            -22.2356891632080078125,
            7468.9140625,
            5594186.5,
            0.85530769824981689453,
            5.092121124267578125,
            58.0,
            5196.5673828125,
            0.02277174592018127441,
            0.19099411368370056152,
            -0.30056229233741760254,
            -18.224720001220703125,
            6965.03857421875,
            5747688.0,
            1.05118846893310546875,
            5.16701269149780273438,
            1509.0,
            3798.77978515625,
            0.02722540311515331268,
            0.13197939097881317139,
            0.16474984586238861084,
            -20.2680454254150390625,
            7351.9833984375,
            7058231.5,
            0.43684670329093933105,
            3.53678178787231445312,
            267.0,
            3059.1484375,
            0.01705667190253734589,
            0.03034107573330402374,
            0.37642827630043029785,
            -27.242343902587890625,
            6495.1328125,
            7105669.0,
            0.68747556209564208984,
            4.444301605224609375,
            232.0,
            4400.97705078125,
            0.01377518940716981888,
            0.06749957799911499023,
            0.06244209036231040955,
            -23.4157962799072265625,
            7373.35400390625,
            6138152.0,
            0.70863574743270874023,
            4.47040510177612304688,
            3820.0,
            5068.74267578125,
            0.01751514337956905365,
            0.11297730356454849243,
            -0.15320245921611785889,
            -20.2303447723388671875,
            7676.47900390625,
            6102198.0,
            0.62018626928329467773,
            3.84623074531555175781,
            139.0,
            2540.4296875,
            0.01725548505783081055,
            0.0374592021107673645,
            0.20336547493934631348,
            -21.982585906982421875,
            7685.291015625,
            5789856.0,
            0.62977576255798339844,
            4.93207073211669921875,
            209.0,
            2655.966796875,
            0.0228702351450920105,
            0.09428934007883071899,
            0.36127758026123046875,
            -22.1825199127197265625,
            7381.69970703125,
            6470843.0,
            0.51115018129348754883,
            4.82582139968872070312,
            93.0,
            1682.607421875,
            0.04772151261568069458,
            0.11298362910747528076,
            0.52717119455337524414,
            -22.4708728790283203125,
            5700.6044921875,
            8705716.0,
            0.72193485498428344727,
            4.33658838272094726562,
            209.0,
            1614.608642578125,
            0.02810491807758808136,
            0.13343115150928497314,
            0.52860099077224731445,
            -24.3282489776611328125,
            6649.75634765625,
            7458933.5,
            0.53235322237014770508,
            4.57437372207641601562,
            104.0,
            3343.398681640625,
            0.01503588724881410599,
            0.00714898109436035156,
            0.19251328706741333008,
            -22.8774929046630859375,
            7337.6396484375,
            6530530.0,
            0.4943936765193939209,
            4.30938720703125,
            198.0,
            2408.777099609375,
            0.03854647278785705566,
            0.08531925082206726074,
            0.34381490945816040039,
            -23.71085357666015625,
            5586.7978515625,
            6513120.5,
            1.21695351600646972656,
            7.834033966064453125,
            929.0,
            3549.321533203125,
            0.01712011359632015228,
            0.05721507593989372253,
            0.16923950612545013428,
            -23.0798969268798828125,
            7321.2734375,
            5841903.5,
            0.76087325811386108398,
            5.10968351364135742188,
            522.0,
            2486.680419921875,
            0.03859198838472366333,
            0.07191041857004165649,
            0.41599920392036437988,
            -22.9252033233642578125,
            6618.58349609375,
            7690640.0,
            0.49409449100494384766,
            3.64678120613098144531,
            882.0,
            2663.806396484375,
            0.01518357638269662857,
            0.06657845526933670044,
            0.33109420537948608398,
            -23.96131134033203125,
            7690.48681640625,
            6314894.5,
            0.41930192708969116211,
            4.2454853057861328125,
            372.0,
            3538.5859375,
            0.01501081977039575577,
            0.05756461620330810547,
            0.24359303712844848633,
            -22.6492023468017578125,
            8023.22021484375,
            6296700.0,
            0.334835052490234375,
            3.8377857208251953125,
            2078.0,
            3476.064453125,
            0.01394957583397626877,
            0.05883679166436195374,
            0.23640611767768859863,
            -24.6168842315673828125,
            7405.49365234375,
            6230086.5,
            0.60526680946350097656,
            4.38769435882568359375,
            279.0,
            3937.608154296875,
