{
  "format": "mubujson1",
  "numBuffers": 1,
  "numTracks": 1,
  "tracks": [
    {
      "name": "descr",
      "mxCols": 10,
      "mxRows": 1,
      "hasVarRows": false,
      "mxColNames": [
        "Duration",
        "FrequencyMean",
        "EnergyMean",
        "PeriodicityMean",
        "AC1Mean",
        "LoudnessMean",
        "CentroidMean",
        "SpreadMean",
        "SkewnessMean",
        "KurtosisMean"
      ],
      "hasTimeTags": true,
      "nonNumType": "none",
      "maxSize": 3011,
      "buffers": [
        {
          "maxSize": 3011,
          "size": 6,
          "sampleRate": 86.1328125,
          "sampleOffset": 0.0,
          "mxRows": 1,
          "mxCols": 10,
          "mxData": [
            115.39002227783203125,
            2453.712646484375,
            0.11556755006313323975,
            0.06929607689380645752,
            0.77411222457885742188,
            -17.1434326171875,
            5168.244140625,
            5770756.0,
            1.16092002391815185547,
            6.2909526824951171875,
            140.0,
            3716.4033203125,
            0.12692432105541229248,
            0.10951461642980575562,
            0.33777940273284912109,
            -10.754199981689453125,
            5235.9375,
            3953768.0,
            1.83324766159057617188,
            10.1650600433349609375,
            127.0,
            3481.33349609375,
            0.12173253297805786133,
            0.05911678075790405273,
            0.45317053794860839844,
            -12.87249660491943359375,
            5544.59326171875,
            4872413.0,
            1.50458705425262451172,
            8.3004741668701171875,
            151.0,
            3814.817138671875,
            0.12448363006114959717,
            0.11026111245155334473,
            0.30000805854797363281,
            -10.79627513885498046875,
            5299.77685546875,
            4117433.5,
            1.84663403034210205078,
            9.88587284088134765625,
            139.0,
            2965.380859375,
            0.11482816189527511597,
            0.11954516172409057617,
            0.53046870231628417969,
            -14.21490001678466796875,
            5346.53857421875,
            5143850.0,
            1.34306812286376953125,
            7.0555591583251953125,
            230.0,
            3549.010986328125,
            0.11968896538019180298,
            0.1275911182165145874,
            0.41281363368034362793,
            -13.2717723846435546875,
            5135.0947265625,
            4033782.75,
            1.82784056663513183594,
            10.60789203643798828125
          ],
          "timeTags": [
            0.0,
            115.39002267573695803549,
            255.39002267573695803549,
            382.3900226757369864572,
            533.3900226757369864572,
            672.3900226757369864572
          ]
        }
      ]
    }
  ]
}