{
  "format": "mubujson1",
  "numBuffers": 1,
  "numTracks": 1,
  "tracks": [
    {
      "name": "descr",
      "mxCols": 10,
      "mxRows": 1,
      "hasVarRows": false,
      "mxColNames": [
        "Duration",
        "FrequencyMean",
        "EnergyMean",
        "PeriodicityMean",
        "AC1Mean",
        "LoudnessMean",
        "CentroidMean",
        "SpreadMean",
        "SkewnessMean",
        "KurtosisMean"
      ],
      "hasTimeTags": true,
      "nonNumType": "none",
      "maxSize": 3011,
      "buffers": [
        {
          "maxSize": 3011,
          "size": 35,
          "sampleRate": 86.1328125,
          "sampleOffset": 0.0,
          "mxRows": 1,
          "mxCols": 10,
          "mxData": [
            1021.3900146484375,
            1376.29833984375,
            0.00669087981805205345,
            0.04674999043345451355,
            0.81250542402267456055,
            -46.5882415771484375,
            4897.93798828125,
            5499612.5,
            1.48775398731231689453,
            10.59764575958251953125,
            708.0,
            3667.484130859375,
            0.00791640579700469971,
            0.04698916152119636536,
            0.40311080217361450195,
            -37.95845794677734375,
            5200.181640625,
            4727554.5,
            2.01438450813293457031,
            13.721080780029296875,
            662.0,
            3412.818359375,
            0.07298064231872558594,
            0.19062079489231109619,
            0.67503094673156738281,
            -35.56267547607421875,
            3904.944091796875,
            3520763.5,
            3.71609449386596679688,
            36.445964813232421875,
            232.0,
            602.595703125,
            0.06718747317790985107,
            0.51420748233795166016,
            0.94529545307159423828,
            -35.619060516357421875,
            2672.39990234375,
            4344485.5,
            1.98162734508514404297,
            12.95584869384765625,
            395.0,
            1615.035400390625,
            0.03640019148588180542,
            0.22187177836894989014,
            0.72878324985504150391,
            -39.849277496337890625,
            4285.08251953125,
            5092557.5,
            1.78219938278198242188,
            12.26083087921142578125,
            81.0,
            355.279266357421875,
            0.00948589202016592026,
            0.15106195211410522461,
            0.88206684589385986328,
            -45.222690582275390625,
            4555.65576171875,
            5787955.0,
            1.35413599014282226562,
            9.01269817352294921875,
            58.0,
            1555.1170654296875,
            0.03020503930747509003,
            0.21737761795520782471,
            0.9449341893196105957,
            -39.71758270263671875,
            3772.949951171875,
            5265615.0,
            1.43960154056549072266,
            9.91230678558349609375,
            279.0,
            586.05877685546875,
            0.08465157449245452881,
            0.34532773494720458984,
            0.87966680526733398438,
            -36.03783416748046875,
            2803.97607421875,
            3548939.75,
            3.2834491729736328125,
            36.591762542724609375,
            627.0,
            1343.6446533203125,
            0.06724671274423599243,
            0.16194199025630950928,
            0.80781209468841552734,
            -38.78270721435546875,
            3955.116943359375,
            4119759.25,
            2.39811086654663085938,
            23.5560703277587890625,
            232.0,
            451.833465576171875,
            0.02615263499319553375,
            0.23965099453926086426,
            0.89797621965408325195,
            -42.245983123779296875,
            3897.626220703125,
            4949405.5,
            1.69003999233245849609,
            11.18215179443359375,
            1080.0,
            1343.65673828125,
            0.0090109528973698616,
            0.01317631825804710388,
            0.7231928706169128418,
            -41.866687774658203125,
            4350.84521484375,
            5371044.0,
            1.59074366092681884766,
            10.224308013916015625,
            232.0,
            3560.350341796875,
            0.01426901854574680328,
            0.11374183744192123413,
            0.68057745695114135742,
            -39.601467132568359375,
            5060.1748046875,
            4664944.5,
            2.0583934783935546875,
            14.37836933135986328125,
            5480.0,
            4288.39404296875,
            0.01038318127393722534,
            0.08333576470613479614,
            0.67363822460174560547,
            -39.49044036865234375,
            5592.72314453125,
            4747281.0,
            1.92929577827453613281,
            13.5672626495361328125,
            232.0,
            777.40252685546875,
            0.05195161700248718262,
            0.41586419939994812012,
            0.94127863645553588867,
            -36.551120758056640625,
            3823.618408203125,
            5672818.5,
            1.66805684566497802734,
            9.7686672210693359375,
            302.0,
            1315.1197509765625,
            0.04709360003471374512,
            0.22234664857387542725,
            0.89549279212951660156,
            -36.694782257080078125,
            3599.80322265625,
            5133569.5,
            2.17030930519104003906,
            14.27406406402587890625,
            2206.0,
            2935.047607421875,
            0.02566221915185451508,
            0.12507718801498413086,
            0.81104367971420288086,
            -40.77178955078125,
            4817.248046875,
            4709590.0,
            2.12096285820007324219,
            16.0823078155517578125,
            127.0,
            3544.598876953125,
            0.00566056603565812111,
            0.04385840892791748047,
            0.73798656463623046875,
            -43.966831207275390625,
            5493.81201171875,
            5212802.5,
            1.60278999805450439453,
            11.62163639068603515625,
            383.0,
            266.767822265625,
            0.0618794560432434082,
            0.19967718422412872314,
            0.98049163818359375,
            -38.318347930908203125,
            2652.3134765625,
            6812308.5,
            1.5535907745361328125,
            7.6848201751708984375,
            558.0,
            1990.2410888671875,
            0.00614025816321372986,
            0.01193118095397949219,
            0.76161354780197143555,
            -44.35382843017578125,
            5259.04296875,
            5288469.0,
            1.62405562400817871094,
            11.646945953369140625,
            429.0,
            2735.967529296875,
            0.00553651386871933937,
            0.04729450121521949768,
            0.75914818048477172852,
            -44.593006134033203125,
            5306.14990234375,
            4993388.0,
            1.73188006877899169922,
            12.3767261505126953125,
            140.0,
            723.68017578125,
            0.0227586701512336731,
            0.37442955374717712402,
            0.95683801174163818359,
            -42.32361602783203125,
            3965.5546875,
            8235437.5,
            0.99606341123580932617,
            6.464450836181640625,
            592.0,
            1042.4019775390625,
            0.03342007100582122803,
            0.39964234828948974609,
            0.87876057624816894531,
            -39.412837982177734375,
            3400.95166015625,
            5031972.5,
            2.05705213546752929688,
            12.63473987579345703125,
            93.0,
